id_observacion,id_referencia,minorista,categoria,url,momento_utc,precio,precio_lista,moneda,disponibilidad,metodo,estado,detalle_error,html_hash,nombre,precio_referencia,descuento_anunciado,metodo_referencia,extracto,version_captura
7,REF0001,ktronix,"",https://www.ktronix.com/ipad-air-13-m4-128gb-wifi-gr/p/195950797978,2026-08-20T19:23:54.719969+00:00,4709010.0,,,"",meta,ok,,5369714549046226716,,,,,,
87,REF0001,ktronix,"",https://www.ktronix.com/ipad-air-13-m4-128gb-wifi-gr/p/195950797978,2026-09-05T21:47:01.502017+00:00,4199010.0,,,"",meta,ok,,a79a33d6a7505327aff753744454929d7dcf2d23d7dd413053cbd99d274166cb,"Tablet Apple M4 13 pulgadas 128GB | Ktronix",,,,meta=4199010.0,v2-2026-09
8,REF0002,ktronix,"",https://www.ktronix.com/silla-gamer-bergara-gris-dg/p/7705946585781,2026-08-20T19:24:12.520395+00:00,849900.0,,,"",meta,ok,,-7415288834950937865,,,,,,
88,REF0002,ktronix,"",https://www.ktronix.com/silla-gamer-bergara-gris-dg/p/7705946585781,2026-09-05T21:47:15.773889+00:00,552435.0,,,"",meta,ok,,714ba2a66ce67c31d3a5389fb9785d9092596edb5098df8b55281ca3f0804db8,"Silla Gamer TUKASA Bergara Roja",,,,meta=552435.0,v2-2026-09
9,REF0003,ktronix,"",https://www.ktronix.com/nev-hcb-nf-cs-226lt-n243miplg/p/7704353450736,2026-08-20T19:24:28.182095+00:00,1599900.0,,,"",meta,ok,,-4086278359787074982,,,,,,
89,REF0003,ktronix,"",https://www.ktronix.com/nev-hcb-nf-cs-226lt-n243miplg/p/7704353450736,2026-09-05T21:47:26.955785+00:00,1479900.0,,,"",meta,ok,,1a4c3e605b1d6551f8677e919a05e81d7da5c2bfe6e914cf13025909de36df87,"Nevera Haceb 226L No Frost Dispensador | Ktronix",,,,meta=1479900.0,v2-2026-09
10,REF0004,ktronix,"",https://www.ktronix.com/mem-usb-king-datatravl-64gb-rs/p/740617336283,2026-08-20T19:24:44.385373+00:00,79900.0,,,"",meta,ok,,-3355551606609562166,,,,,,
90,REF0004,ktronix,"",https://www.ktronix.com/mem-usb-king-datatravl-64gb-rs/p/740617336283,2026-09-05T21:47:36.781035+00:00,79900.0,,,"",meta,ok,,07e7f1983f980f4de45c4285fe0fcdf1877b5d55cd4f9041fa29197b0963ef26,"Memoria USB KINGSTON DataTraveler Exodia M 64GB Verde",,,,meta=79900.0,v2-2026-09
11,REF0005,ktronix,"",https://www.ktronix.com/cel4g-moto-g15-128gb-nj/p/840023280221,2026-08-20T19:24:54.663579+00:00,499050.0,,,"",meta,ok,,6466785354610667103,,,,,,
91,REF0005,ktronix,"",https://www.ktronix.com/cel4g-moto-g15-128gb-nj/p/840023280221,2026-09-05T21:47:50.340198+00:00,479050.0,,,"",meta,ok,,e43abe2c5ba8bc0ba7a961c23c8dd62fada089e30995e18b15e9b5dccc0fb93d,"Descubre Celular MOTOROLA G15 128GB 4G Gris | Ktronix",,,,meta=479050.0,v2-2026-09
12,REF0006,ktronix,"",https://www.ktronix.com/silla-ofic-azul-neg-w-205-dp/p/7705946556798,2026-08-20T19:25:07.730168+00:00,319900.0,,,"",meta,ok,,-1011950591025480057,,,,,,
92,REF0006,ktronix,"",https://www.ktronix.com/silla-ofic-azul-neg-w-205-dp/p/7705946556798,2026-09-05T21:48:03.323394+00:00,259935.0,,,"",meta,ok,,8b16d3aef58a44b647f6aafafd3a4215bbaae6a49db5aa3ad6e0c564342820e5,"Silla de Oficina TUKASA W-205 Azul/Negra",,,,meta=259935.0,v2-2026-09
13,REF0007,ktronix,"",https://www.ktronix.com/mouse-log-inal-optico-m196-ng/p/097855200655,2026-08-20T19:25:19.032737+00:00,59900.0,,,"",meta,ok,,-3825048678533833589,,,,,,
93,REF0007,ktronix,"",https://www.ktronix.com/mouse-log-inal-optico-m196-ng/p/097855200655,2026-09-05T21:48:19.368391+00:00,59900.0,,,"",meta,ok,,a3680978dbc2a114d5a043721ca5abfe8ecf9c251c16337887865fef9abf238f,"Mouse LOGITECH Óptico Inalámbrico M196 Rosado",,,,meta=59900.0,v2-2026-09
14,REF0008,ktronix,"",https://www.ktronix.com/lav-lg-cf-25kg-wm25bfxsnfl/p/8806096530627,2026-08-20T19:25:33.268324+00:00,4465900.0,,,"",meta,ok,,-1983929695341454384,,,,,,
94,REF0008,ktronix,"",https://www.ktronix.com/lav-lg-cf-25kg-wm25bfxsnfl/p/8806096530627,2026-09-05T21:48:33.131826+00:00,4311900.0,,,"",meta,ok,,13af714966f5c4a0a91b6d3fa02a37b860728b7fd4095d4f606f9856dd07c341,"Lavadora LG 25kg Carga Frontal Inverter | Ktronix",,,,meta=4311900.0,v2-2026-09
15,REF0009,ktronix,"",https://www.ktronix.com/cel5g-samsung-s25-fe-128gbbl/p/8806097671466,2026-08-20T19:25:45.172658+00:00,2599990.0,,,"",meta,ok,,6052328870880194141,,,,,,
95,REF0009,ktronix,"",https://www.ktronix.com/cel5g-samsung-s25-fe-128gbbl/p/8806097671466,2026-09-05T21:48:44.519750+00:00,4399990.0,,,"",meta,ok,,af388ba6539abf3ac7105c2b5eb444df686f7c6c3128f249dc486444d8a8eb45,"SAMSUNG Galaxy S25 FE 512GB 5G Smartphone 5G | Ktronix",,,,meta=4399990.0,v2-2026-09
16,REF0010,ktronix,"",https://www.ktronix.com/tv-kalley-43-43gq200-fhd-qled/p/7705946480314,2026-08-20T19:26:00.917755+00:00,799900.0,,,"",meta,ok,,8044229931089731314,,,,,,
96,REF0010,ktronix,"",https://www.ktronix.com/tv-kalley-43-43gq200-fhd-qled/p/7705946480314,2026-09-05T21:48:59.489354+00:00,799900.0,,,"",meta,ok,,02bb9f2d0dea41a96fd8ae86e24fa74cba9c5d65d3d3d06285975eb0c1677460,"TV Kalley 40"" Full HD QLED Google TV | Ktronix",,,,meta=799900.0,v2-2026-09
17,REF0011,ktronix,"",https://www.ktronix.com/aud-sony-blue-ine-twf1000m6-ng/p/027242933477,2026-08-20T19:26:14.513631+00:00,1149900.0,,,"",meta,ok,,3561993177380960980,,,,,,
97,REF0011,ktronix,"",https://www.ktronix.com/aud-sony-blue-ine-twf1000m6-ng/p/027242933477,2026-09-05T21:49:09.985108+00:00,1149900.0,,,"",meta,ok,,78d70c4033e1c1605c6eb40580afe44ada61dfff2e79b7b8950727da3f63f086,"Audífonos SONY WF1000XM6/S ANC | Ktronix",,,,meta=1149900.0,v2-2026-09
18,REF0012,ktronix,"",https://www.ktronix.com/tv-hyundai-58-hyled5816qr-4k/p/7707138059568,2026-08-20T19:26:28.260504+00:00,1649900.0,,,"",meta,ok,,-1538303170665186714,,,,,,
98,REF0012,ktronix,"",https://www.ktronix.com/tv-hyundai-58-hyled5816qr-4k/p/7707138059568,2026-09-05T21:49:21.445577+00:00,1549900.0,,,"",meta,ok,,3345550b062227d1f90d298cacc9209db8ce1acc320fa9697ef43ad5fa259a2c,"TV Hyundai 58"" 4K UHD QLED Roku TV | Ktronix",,,,meta=1549900.0,v2-2026-09
19,REF0013,ktronix,"",https://www.ktronix.com/cel5g-xiaomi-17tpr-1tbng/p/6932554447724,2026-08-20T19:26:39.640990+00:00,6999900.0,,,"",meta,ok,,-6262477403165475784,,,,,,
99,REF0013,ktronix,"",https://www.ktronix.com/cel5g-xiaomi-17tpr-1tbng/p/6932554447724,2026-09-05T21:49:31.244128+00:00,6999900.0,,,"",meta,ok,,2dafd5fba264fd3757a745362f51faeabbca68e449a6ce39f5307fdd3fb85fb9,"Celular Xiaomi 17T Pro 1TB 5G Negro",,,,meta=6999900.0,v2-2026-09
20,REF0014,ktronix,"",https://www.ktronix.com/anillo-int-oura-r4-tit-t4-ng/p/6430060153493,2026-08-20T19:26:52.812083+00:00,1359900.0,,,"",meta,ok,,-512145087345390122,,,,,,
100,REF0014,ktronix,"",https://www.ktronix.com/anillo-int-oura-r4-tit-t4-ng/p/6430060153493,2026-09-05T21:49:45.393774+00:00,1944900.0,,,"",meta,ok,,937832063d86625b3e0a74bbb7b04575c65dad8083121f0df4ddb8ab97dc5dc4,"Anillo inteligente OURA Ring 4 Titanio Negro Mate Talla 5",,,,meta=1944900.0,v2-2026-09
21,REF0015,ktronix,"",https://www.ktronix.com/ventilador-mesa-kalley-k-vm6b-recargable-blanco/p/7705946599634,2026-08-20T19:27:10.829916+00:00,69900.0,,,"",meta,ok,,-2313364804075492855,,,,,,
101,REF0015,ktronix,"",https://www.ktronix.com/ventilador-mesa-kalley-k-vm6b-recargable-blanco/p/7705946599634,2026-09-05T21:50:01.447669+00:00,79900.0,,,"",meta,ok,,ecc160d124411c52b8a93c974096ec4ed15e8c67f5de9497dd7e744af111bdce,"Ventilador KALLEY Inalámbrico 4.62 Mts X Seg | Ktronix",,,,meta=79900.0,v2-2026-09
22,REF0016,ktronix,"",https://www.ktronix.com/estufa-mesa-abba-2-puestos-gas-natural-sg200-1n-gris/p/7706060014171,2026-08-20T19:27:22.218128+00:00,106900.0,,,"",meta,ok,,-1722199745633250064,,,,,,
102,REF0016,ktronix,"",https://www.ktronix.com/estufa-mesa-abba-2-puestos-gas-natural-sg200-1n-gris/p/7706060014171,2026-09-05T21:50:12.929646+00:00,106900.0,,,"",meta,ok,,b6ebf526f508498178c8aee7afdebe7231df6880df321eb9510ce5d17d788aab,"Estufa de mesa ABBA 2P Gas Natural | Ktronix",,,,meta=106900.0,v2-2026-09
23,REF0017,ktronix,"",https://www.ktronix.com/aspiradora-electrolux-3010cdg2403-smart-azul/p/7896347148405,2026-08-20T19:27:38.024159+00:00,239900.0,,,"",meta,ok,,-8737579550062993062,,,,,,
103,REF0017,ktronix,"",https://www.ktronix.com/aspiradora-electrolux-3010cdg2403-smart-azul/p/7896347148405,2026-09-05T21:50:22.387124+00:00,239900.0,,,"",meta,ok,,9f9e6466983bc22f54f85dd2f11587181d49897e56e8ccb687638134c819f947,"Aspiradora ELECTROLUX | Ktronix",,,,meta=239900.0,v2-2026-09
24,REF0018,ktronix,"",https://www.ktronix.com/subwoofer-sonos-sub-negro/p/840136800132,2026-08-20T19:27:55.491316+00:00,,,,,,sin_precio,"Página cargada pero no se identificó el precio",-6090631459381634040,,,,,,
104,REF0018,ktronix,"",https://www.ktronix.com/subwoofer-sonos-sub-negro/p/840136800132,2026-09-05T21:50:33.185509+00:00,,,,,,sin_precio,"Página cargada sin precio identificable",95ce7ac4f64686ba7e9e087156fd293cc19a72c75432d0b725632203fbc762c1,Parlantes,,,,,v2-2026-09
25,REF0019,ktronix,"",https://www.ktronix.com/casco-bicicleta-bell-talla-m-super-air-r-azul-amarillo/p/768686284144,2026-08-20T19:28:07.793221+00:00,1199900.0,,,"",meta,ok,,3507158988048754428,,,,,,
105,REF0019,ktronix,"",https://www.ktronix.com/casco-bicicleta-bell-talla-m-super-air-r-azul-amarillo/p/768686284144,2026-09-05T21:50:46.099787+00:00,1199900.0,,,"",meta,ok,,bfd91699815bc3f0211fa1e3172cfe298468b8e5b0dbb36b118bf30b15c18be7,"Casco Bicicleta BELL Talla M SUPER AIR R Azul Amarillo",,,,meta=1199900.0,v2-2026-09
26,REF0020,ktronix,"",https://www.ktronix.com/rodillo-bicicleta-aktive-ht1/p/7707118740202,2026-08-20T19:28:19.527146+00:00,,,,,,sin_precio,"Página cargada pero no se identificó el precio",6435861618942091097,,,,,,
106,REF0020,ktronix,"",https://www.ktronix.com/rodillo-bicicleta-aktive-ht1/p/7707118740202,2026-09-05T21:50:58.059107+00:00,,,,,,sin_precio,"Página cargada sin precio identificable",cdb63eb9099d4ef4177b51aef947d15f3aeb98d0f5a15d7977dd10f2df1c20f7,Ciclismo,,,,,v2-2026-09
27,REF0021,ktronix,"",https://www.ktronix.com/nevera-samsung-no-frost-congelador-superior-236-litros/p/8806092127500,2026-08-20T19:28:31.620907+00:00,1899900.0,,,"",meta,ok,,4832239960885344731,,,,,,
107,REF0021,ktronix,"",https://www.ktronix.com/nevera-samsung-no-frost-congelador-superior-236-litros/p/8806092127500,2026-09-05T21:51:11.360545+00:00,1899900.0,,,"",meta,ok,,ab266188dc6ebd420c2c17da704df0762fe7dfd94feebf789596099445745afa,"Nevera Samsung 236L No Frost Inverter | Ktronix",,,,meta=1899900.0,v2-2026-09
28,REF0022,ktronix,"",https://www.ktronix.com/bicicleta-spinning-evo-slam/p/7707118747690,2026-08-20T19:28:45.374991+00:00,1989900.0,,,"",meta,ok,,8114373688657801999,,,,,,
108,REF0022,ktronix,"",https://www.ktronix.com/bicicleta-spinning-evo-slam/p/7707118747690,2026-09-05T21:51:26.194933+00:00,1989900.0,,,"",meta,ok,,dff59320ac44bf293dc67c4b1979aec16153cbaceb9c1ef289c300fd4bf17e90,"Bicicleta Spinning EVO Slam",,,,meta=1989900.0,v2-2026-09
29,REF0023,ktronix,"",https://www.ktronix.com/campana-extractora-haceb-60cms-tipo-peninsula-pared-kala/p/7704353442755,2026-08-20T19:28:59.455699+00:00,328900.0,,,"",meta,ok,,-3673554810229277029,,,,,,
109,REF0023,ktronix,"",https://www.ktronix.com/campana-extractora-haceb-60cms-tipo-peninsula-pared-kala/p/7704353442755,2026-09-05T21:51:39.584268+00:00,328900.0,,,"",meta,ok,,e2567de5e1cb2bc7a23bdafaf755b5f9578fe5fbde676db9701bcaf36021bbfa,"Campana extractora HACEB 60cm Peninsular | Ktronix",,,,meta=328900.0,v2-2026-09
30,REF0024,ktronix,"",https://www.ktronix.com/patineta-electrica-scooter-inokim-quick-4-super/p/7707118759501,2026-08-20T19:29:15.951199+00:00,8999900.0,,,"",meta,ok,,1286518429543533754,,,,,,
110,REF0024,ktronix,"",https://www.ktronix.com/patineta-electrica-scooter-inokim-quick-4-super/p/7707118759501,2026-09-05T21:51:53.332181+00:00,8999900.0,,,"",meta,ok,,384ae4ac83243b2a1d2e18a2219fec955d4ad579628c4caa6eda26515fc6792c,"Patineta Eléctrica/Scooter INOKIM Quick 4 Super",,,,meta=8999900.0,v2-2026-09
31,REF0025,ktronix,"",https://www.ktronix.com/horno-microondas-lg-105-pies-ms3032jas-negro/p/8806084127952,2026-08-20T19:29:28.795352+00:00,457500.0,,,"",meta,ok,,2473828443772622533,,,,,,
111,REF0025,ktronix,"",https://www.ktronix.com/horno-microondas-lg-105-pies-ms3032jas-negro/p/8806084127952,2026-09-05T21:52:03.060947+00:00,448700.0,,,"",meta,ok,,2d9a9656975148f0a8842ad037de1ca610fa11fa3d4f1e8a10fef578f8403348,"Microondas LG 1.05 Pies Cubicos 900W | Ktronix",,,,meta=448700.0,v2-2026-09
32,REF0026,ktronix,"",https://www.ktronix.com/secador-cabello-gama-tempo-avocado/p/8023277156593,2026-08-20T19:29:40.549334+00:00,179900.0,,,"",meta,ok,,6050205570406832931,,,,,,
112,REF0026,ktronix,"",https://www.ktronix.com/secador-cabello-gama-tempo-avocado/p/8023277156593,2026-09-05T21:52:17.292984+00:00,230900.0,,,"",meta,ok,,d4eb6d272a4ce9e41d0e5db4341c96601dc0e0d42f8e50bf26885912d5538f50,"Plancha de cabello GAMA 2 velocidades | Ktronix",,,,meta=230900.0,v2-2026-09
33,REF0027,ktronix,"",https://www.ktronix.com/estuche-targus-universal-thz784gl-tablets-7-a-85-pulgadas/p/092636338701,2026-08-20T19:29:50.693527+00:00,102900.0,,,"",meta,ok,,-6737316881119419026,,,,,,
113,REF0027,ktronix,"",https://www.ktronix.com/estuche-targus-universal-thz784gl-tablets-7-a-85-pulgadas/p/092636338701,2026-09-05T21:52:32.416737+00:00,102900.0,,,"",meta,ok,,917c1456f16ba642707f0bcacd620d620e09d14c738159c93726261111ae31c8,"Estuche TARGUS Universal THZ784GL para tablets de 7"" a",,,,meta=102900.0,v2-2026-09
34,REF0028,ktronix,"",https://www.ktronix.com/dispositivo-streaming-tv-watch-onn-full-hd/p/681131422352,2026-08-20T19:30:03.059648+00:00,169900.0,,,"",meta,ok,,5574268366514512961,,,,,,
114,REF0028,ktronix,"",https://www.ktronix.com/dispositivo-streaming-tv-watch-onn-full-hd/p/681131422352,2026-09-05T21:52:44.916743+00:00,169900.0,,,"",meta,ok,,d92d537102d6cb0facb3c47f1f00ba8fc2b34a0140b345e6308ab8b851057b77,"Dispositivo de Streaming TV Watch ONN Full HD",,,,meta=169900.0,v2-2026-09
35,REF0029,ktronix,"",https://www.ktronix.com/parlante-marshall-inalambrico-bluetooth-willen-ii-38w/p/7340055399494,2026-08-20T19:30:15.934043+00:00,579900.0,,,"",meta,ok,,-812387485997955823,,,,,,
115,REF0029,ktronix,"",https://www.ktronix.com/parlante-marshall-inalambrico-bluetooth-willen-ii-38w/p/7340055399494,2026-09-05T21:52:59.813250+00:00,679900.0,,,"",meta,ok,,baf52abb0d3d38e475b2fbbdea309b145e78b49882e3953d44bb55b3034cb0c3,"Parlante Bluetooth MARSHALL IP67 | Ktronix",,,,meta=679900.0,v2-2026-09
36,REF0030,ktronix,"",https://www.ktronix.com/figura-coleccionable-minix-vinicius/p/8436605118376,2026-08-20T19:30:28.276091+00:00,79900.0,,,"",meta,ok,,1469111185992440599,,,,,,
116,REF0030,ktronix,"",https://www.ktronix.com/figura-coleccionable-minix-vinicius/p/8436605118376,2026-09-05T21:53:09.150520+00:00,79900.0,,,"",meta,ok,,d131c410dd4d1b12e24c7d20001a20ed12c9b192afa4483548994b3d2662b849,"Figura Coleccionable MINIX Vinicius",,,,meta=79900.0,v2-2026-09
37,REF0031,ktronix,"",https://www.ktronix.com/licuadora-hamilton-beach-multiblend-con-procesador/p/040094954575,2026-08-20T19:30:41.261466+00:00,219900.0,,,"",meta,ok,,-7914131544352569518,,,,,,
117,REF0031,ktronix,"",https://www.ktronix.com/licuadora-hamilton-beach-multiblend-con-procesador/p/040094954575,2026-09-05T21:53:19.525612+00:00,219900.0,,,"",meta,ok,,4b3b67551f62d76841d8f7427b1e3caf54ad90d4a9746e5053de4ea47c4ed49b,"Licuadora HAMILTON BEACH 5 velocidades | Ktronix",,,,meta=219900.0,v2-2026-09
38,REF0032,ktronix,"",https://www.ktronix.com/colchoneta-deportiva-evolution-casata-35-cm-negro/p/7707118767162,2026-08-20T19:30:54.649852+00:00,99900.0,,,"",meta,ok,,-6442434548456621237,,,,,,
118,REF0032,ktronix,"",https://www.ktronix.com/colchoneta-deportiva-evolution-casata-35-cm-negro/p/7707118767162,2026-09-05T21:53:29.792848+00:00,99900.0,,,"",meta,ok,,8138d0cef62d9e4a466dfe210003db3294d41e84c5509f878533f43a3ca224bb,"Colchoneta Deportiva EVOLUTION Casata 3.5 cm Negro",,,,meta=99900.0,v2-2026-09
39,REF0033,ktronix,"",https://www.ktronix.com/aspiradora-electrolux-trapeadora-robot-4-en-1-erb62-blanco/p/7909569501672,2026-08-20T19:31:07.478273+00:00,749900.0,,,"",meta,ok,,5368576029148772726,,,,,,
119,REF0033,ktronix,"",https://www.ktronix.com/aspiradora-electrolux-trapeadora-robot-4-en-1-erb62-blanco/p/7909569501672,2026-09-05T21:53:45.387215+00:00,819900.0,,,"",meta,ok,,7503eaab61e7b110284db0e35831dbc7bf94718c6eac7e5e7c126fad48929a44,"Aspiradora ELECTROLUX Inalámbrico 140W | Ktronix",,,,meta=819900.0,v2-2026-09
40,REF0034,ktronix,"",https://www.ktronix.com/camara-accion-gopro-max2-360/p/810116384174,2026-08-20T19:31:18.506282+00:00,1999900.0,,,"",meta,ok,,-1452000893562249442,,,,,,
120,REF0034,ktronix,"",https://www.ktronix.com/camara-accion-gopro-max2-360/p/810116384174,2026-09-05T21:54:01.253554+00:00,1999900.0,,,"",meta,ok,,d5aaa348aff59c26c3f0c096d7f8e4ad201e5c5abc4f2373c5a214d0743f5dea,"Cámara de acción GOPRO MAX2 360",,,,meta=1999900.0,v2-2026-09
41,REF0035,ktronix,"",https://www.ktronix.com/adaptador-hp-inteligente-65w-ac/p/196548955596,2026-08-20T19:31:34.435291+00:00,159900.0,,,"",meta,ok,,-3405473983727172207,,,,,,
121,REF0035,ktronix,"",https://www.ktronix.com/adaptador-hp-inteligente-65w-ac/p/196548955596,2026-09-05T21:54:11.626517+00:00,159900.0,,,"",meta,ok,,9e000ceb89699071e28af6c3e628a4b44a39b554ee3d93adc152a3b489dba291,"Adaptador HP inteligente de 65W AC",,,,meta=159900.0,v2-2026-09
42,REF0036,ktronix,"",https://www.ktronix.com/reloj-multitech-inteligente-mtw-2601-20mm-dorado/p/7708267767096,2026-08-20T19:31:43.736351+00:00,229900.0,,,"",meta,ok,,-1755647786840552371,,,,,,
122,REF0036,ktronix,"",https://www.ktronix.com/reloj-multitech-inteligente-mtw-2601-20mm-dorado/p/7708267767096,2026-09-05T21:54:22.194956+00:00,229900.0,,,"",meta,ok,,b9a8c489eda720b9b504fcb47b338a86cbf864ec7723366de23034c18c576c16,"Reloj MULTITECH Inteligente MTW-2601 20mm Dorado",,,,meta=229900.0,v2-2026-09
43,REF0037,ktronix,"",https://www.ktronix.com/microfono-vta-inalambrico-con-transmisor/p/7702271823113,2026-08-20T19:31:56.365989+00:00,89900.0,,,"",meta,ok,,-4019315565209598403,,,,,,
123,REF0037,ktronix,"",https://www.ktronix.com/microfono-vta-inalambrico-con-transmisor/p/7702271823113,2026-09-05T21:54:34.517778+00:00,89900.0,,,"",meta,ok,,2f4bd84b2da51c69b9c9a798367fc4ac2731a23e28b2dbff2c144eff4266bf56,"Micrófono VTA Inalámbrico con Transmisor",,,,meta=89900.0,v2-2026-09
44,REF0038,ktronix,"",https://www.ktronix.com/aire-acondicionado-tradicional-220v-24000-btu-blanco-mabe/p/757638437318,2026-08-20T19:32:09.887032+00:00,2299900.0,,,"",meta,ok,,-4613214533216934413,,,,,,
124,REF0038,ktronix,"",https://www.ktronix.com/aire-acondicionado-tradicional-220v-24000-btu-blanco-mabe/p/757638437318,2026-09-05T21:54:45.020401+00:00,2299900.0,,,"",meta,ok,,19be7b43fd7bb1442239426a6ec240a667baacf73a84d22a067c3d09afa85649,"Aire Acondicionado Tradicional 220v 24.000 BTU Blanco Mabe",,,,meta=2299900.0,v2-2026-09
45,REF0039,ktronix,"",https://www.ktronix.com/tablet-reacondicionado-samsung-11-pulgadas-tab-a11-256gb/p/98806097886808,2026-08-20T19:32:24.164413+00:00,1599900.0,,,"",meta,ok,,-8725318138964693203,,,,,,
125,REF0039,ktronix,"",https://www.ktronix.com/tablet-reacondicionado-samsung-11-pulgadas-tab-a11-256gb/p/98806097886808,2026-09-05T21:55:00.035845+00:00,1599900.0,,,"",meta,ok,,8425024983a40def53804ba674f08bfe4877d7f5c546b8a596accda4a535bef0,"Tablet Reacondicionado SAMSUNG 11"" Pulgadas Tab A11+ 256GB",,,,meta=1599900.0,v2-2026-09
46,REF0040,ktronix,"",https://www.ktronix.com/combo-philips-depiladora-electrica-con-cable-bre228-00/p/7702463548442,2026-08-20T19:32:34.759174+00:00,229900.0,,,"",meta,ok,,4156000020799573732,,,,,,
126,REF0040,ktronix,"",https://www.ktronix.com/combo-philips-depiladora-electrica-con-cable-bre228-00/p/7702463548442,2026-09-05T21:55:10.209776+00:00,229900.0,,,"",meta,ok,,dbba2eb2f5635c4bfd3e40d56292ea25828a56dbf75581c58bf55e3432493786,"Combo Philips Depiladora Eléctrica Secador Plegable",,,,meta=229900.0,v2-2026-09
47,REF0041,alkosto,"",https://www.alkosto.com/ipad-air-13-m4-128gb-wifi-gr/p/195950797978,2026-08-20T19:32:49.993440+00:00,4709010.0,,,"",meta,ok,,-6811695785416326380,,,,,,
127,REF0041,alkosto,"",https://www.alkosto.com/ipad-air-13-m4-128gb-wifi-gr/p/195950797978,2026-09-05T21:55:24.806907+00:00,4199010.0,,,"",meta,ok,,06212336dc1439501da8263f6bd4ea4ebf050affeab494836f67fa62006b2a16,"Tablet Apple M4 13 pulgadas 128GB - Alkosto",,,,meta=4199010.0,v2-2026-09
48,REF0042,alkosto,"",https://www.alkosto.com/camis-alpbettrnssteeng-s-ac/p/8033637708201,2026-08-20T19:33:15.252679+00:00,79900.0,,,"",meta,ok,,-1096629440955057938,,,,,,
128,REF0042,alkosto,"",https://www.alkosto.com/camis-alpbettrnssteeng-s-ac/p/8033637708201,2026-09-05T21:55:40.964164+00:00,79900.0,,,"",meta,ok,,6cfa9d24438e784d28098ec416237b646c5f98e38b2f0c3068a08052fcfb2079,"Camiseta Moto ALPINESTARS BETTERNESS Negro Talla L",,,,meta=79900.0,v2-2026-09
49,REF0043,alkosto,"",https://www.alkosto.com/bot-to-ands-v2-dsta-neg-41-ac/p/8033637023243,2026-08-20T19:33:25.460997+00:00,739900.0,,,"",meta,ok,,-1830698756252170239,,,,,,
129,REF0043,alkosto,"",https://www.alkosto.com/bot-to-ands-v2-dsta-neg-41-ac/p/8033637023243,2026-09-05T21:55:51.530035+00:00,739900.0,,,"",meta,ok,,b197cace2219a5146181f6db9cf5fbf7fa2228f3eea6551c5b737233b2a32bbe,"Botas Moto ALPINESTARS ANDES V2 Negro Talla 45",,,,meta=739900.0,v2-2026-09
50,REF0044,alkosto,"",https://www.alkosto.com/casc-ktl-m65-corpor-am-s-ac/p/7705946746748,2026-08-20T19:33:39.166464+00:00,139900.0,,,"",meta,ok,,7612709114919100462,,,,,,
130,REF0044,alkosto,"",https://www.alkosto.com/casc-ktl-m65-corpor-am-s-ac/p/7705946746748,2026-09-05T21:56:05.208281+00:00,139900.0,,,"",meta,ok,,f2964ca0ba15729aa8ce54d075dcbf704768868e6850760ec29cde50fbbe03e5,"Casco Moto KONTROL Talla XL M65 Corpor Amarillo",,,,meta=139900.0,v2-2026-09
51,REF0045,alkosto,"",https://www.alkosto.com/custom-500-stripes-prl-bl-s/p/768686747113,2026-08-20T19:33:55.364801+00:00,649900.0,,,"",meta,ok,,8811523564093858164,,,,,,
131,REF0045,alkosto,"",https://www.alkosto.com/custom-500-stripes-prl-bl-s/p/768686747113,2026-09-05T21:56:21.461654+00:00,649900.0,,,"",meta,ok,,532ccc0ab022c7bca037c9c9c6f3356a0cc2afe622313e5f911d331fb2b94bfc,"Casco Moto BELL Custom 500 STRIPES Talla XL Blanco",,,,meta=649900.0,v2-2026-09
52,REF0046,alkosto,"",https://www.alkosto.com/spartan-draken-s-rinta0-bl-s/p/7705946648349,2026-08-20T19:34:06.823217+00:00,249900.0,,,"",meta,ok,,-189099833197659703,,,,,,
132,REF0046,alkosto,"",https://www.alkosto.com/spartan-draken-s-rinta0-bl-s/p/7705946648349,2026-09-05T21:56:35.791693+00:00,249900.0,,,"",meta,ok,,0ae10c0e4908a9d681684bf4a4a4200a75647e3d4b04beb87c5cf0ff6f2125a4,"Casco Moto SPARTAN Draken Rinter Amarillo Fluor Mate Talla",,,,meta=249900.0,v2-2026-09
53,REF0047,alkosto,"",https://www.alkosto.com/cas-smk-typhoon-raptor-nj-br-s/p/8902613433058,2026-08-20T19:34:18.817002+00:00,339900.0,,,"",meta,ok,,-6902551450176038928,,,,,,
133,REF0047,alkosto,"",https://www.alkosto.com/cas-smk-typhoon-raptor-nj-br-s/p/8902613433058,2026-09-05T21:56:50.793941+00:00,339900.0,,,"",meta,ok,,cbd8e86cfe40a835e66a7686f769998c7e416e83ac78cdec3f396073c60c0c4c,"Casco Moto SMK TYPHOON Raptor Naranja Brillo Talla L",,,,meta=339900.0,v2-2026-09
54,REF0048,alkosto,"",https://www.alkosto.com/cam-alp-real-spiral-ngbl-s/p/8059347128092,2026-08-20T19:34:33.055570+00:00,144900.0,,,"",meta,ok,,-3980833524545568930,,,,,,
134,REF0048,alkosto,"",https://www.alkosto.com/cam-alp-real-spiral-ngbl-s/p/8059347128092,2026-09-05T21:57:03.785256+00:00,144900.0,,,"",meta,ok,,d792b35d490884917e6216e9dfce50044217ba5eace87dcd4d32d854e470b6c8,"Camiseta Moto ALPINESTARS Real Spiral Blanco Azul Talla XL",,,,meta=144900.0,v2-2026-09
55,REF0049,alkosto,"",https://www.alkosto.com/casspartan-segment-now-rs-s/p/7700149008624,2026-08-20T19:34:46.735538+00:00,219900.0,,,"",meta,ok,,-1797125055844517050,,,,,,
135,REF0049,alkosto,"",https://www.alkosto.com/casspartan-segment-now-rs-s/p/7700149008624,2026-09-05T21:57:13.501735+00:00,219900.0,,,"",meta,ok,,ccc11822bc43ee7c98c4bec3962592fd69bb50f083d9523608637ce8eeacf4d7,"Casco Moto SPARTAN Segment Now Negro Talla L",,,,meta=219900.0,v2-2026-09
56,REF0050,alkosto,"",https://www.alkosto.com/casbllbic-sprairrmp-ng-s-ac/p/768686284137,2026-08-20T19:35:03.742263+00:00,1199900.0,,,"",meta,ok,,3945079543438385818,,,,,,
136,REF0050,alkosto,"",https://www.alkosto.com/casbllbic-sprairrmp-ng-s-ac/p/768686284137,2026-09-05T21:57:23.756035+00:00,1199900.0,,,"",meta,ok,,287e8840f5cfc5083a53d02cc0531aa413e45b1482eeb570672a14ecc3a52525,"Casco Bicicleta BELL Super Air R Mips Azul Talla S",,,,meta=1199900.0,v2-2026-09
57,REF0051,alkosto,"",https://www.alkosto.com/t-lla-marian-060x120blanco-350/p/7702995411962,2026-08-20T19:35:15.664317+00:00,32840.0,,,"",meta,ok,,-6351027839233516645,,,,,,
137,REF0051,alkosto,"",https://www.alkosto.com/t-lla-marian-060x120blanco-350/p/7702995411962,2026-09-05T21:57:40.102900+00:00,32840.0,,,"",meta,ok,,9664588f5f39fcfbaf251f584abfff99eee444ba89d90f2273d16f7d51b04443,"Toalla de Cuerpo FATELARES Marian 60 x 120 cms / 350 grms",,,,meta=32840.0,v2-2026-09
58,REF0052,alkosto,"",https://www.alkosto.com/c-cama-sencillo-uvafa/p/7700149423311,2026-08-20T19:35:26.282170+00:00,189870.0,,,"",meta,ok,,-7368291975166992051,,,,,,
138,REF0052,alkosto,"",https://www.alkosto.com/c-cama-sencillo-uvafa/p/7700149423311,2026-09-05T21:57:49.530198+00:00,189870.0,,,"",meta,ok,,484f586000aeb165dda79ac772bf7dd41981d006422aaab19ebacc063db9aecd,"Cubrelecho / Cubrecama Queen K-LINE Microfibra Cationica",,,,meta=189870.0,v2-2026-09
59,REF0053,alkosto,"",https://www.alkosto.com/cel5g-samsung-s25ult-256gb-ng/p/8806095872209,2026-08-20T19:35:36.198514+00:00,,,,,,sin_precio,"Página cargada pero no se identificó el precio",4085248661076994679,,,,,,
139,REF0053,alkosto,"",https://www.alkosto.com/cel5g-samsung-s25ult-256gb-ng/p/8806095872209,2026-09-05T21:58:00.200552+00:00,,,,,,sin_precio,"Página cargada sin precio identificable",8a29596367a8c92773174d54d563941bc5c25733e061d5325c60fc1291d1e7bd,"Celulares Samsung Galaxy: S25, A56 y A37 5G | Alkosto",,,,,v2-2026-09
60,REF0054,alkosto,"",https://www.alkosto.com/silla-presidente-6310/p/7701023462570,2026-08-20T19:35:47.451147+00:00,299900.0,,,"",meta,ok,,2267792372754554667,,,,,,
140,REF0054,alkosto,"",https://www.alkosto.com/silla-presidente-6310/p/7701023462570,2026-09-05T21:58:15.747748+00:00,292435.0,,,"",meta,ok,,51676fb98b74a02eaf37a12d099a80f0826318e70ab990464a5c824b58f801e4,"Silla de Oficina TUKASA 6310 Negra en Ecocuero",,,,meta=292435.0,v2-2026-09
61,REF0055,alkosto,"",https://www.alkosto.com/reloj-huaw-fit4-pro-46m-ng/p/6942103155390,2026-08-20T19:36:00.956515+00:00,649900.0,,,"",meta,ok,,32538661711495869,,,,,,
141,REF0055,alkosto,"",https://www.alkosto.com/reloj-huaw-fit4-pro-46m-ng/p/6942103155390,2026-09-05T21:58:30.650627+00:00,649900.0,,,"",meta,ok,,3d8a8e65cefd026d3f539602390ed980cf3d353765c4af5a581f503fcb8b8161,"Smartwatch Huawei Watch Fit 4 Pro GPS AMOLED - Alkosto",,,,meta=649900.0,v2-2026-09
62,REF0056,alkosto,"",https://www.alkosto.com/silla-primus-100t-gaming-negro/p/798302225268,2026-08-20T19:36:16.073185+00:00,1199900.0,,,"",meta,ok,,3493430570313495049,,,,,,
142,REF0056,alkosto,"",https://www.alkosto.com/silla-primus-100t-gaming-negro/p/798302225268,2026-09-05T21:58:41.501480+00:00,1199900.0,,,"",meta,ok,,bcc7da54f0f69d8522f128335c6a076f8d31b448697aedeb430a9ac780e788dc,"Silla PRIMUS Gaming Thrónos 100T Verde|Café",,,,meta=1199900.0,v2-2026-09
63,REF0057,alkosto,"",https://www.alkosto.com/cubrecama-sencillo-blanco/p/7700149528474,2026-08-20T19:36:32.698149+00:00,179800.0,,,"",meta,ok,,-9061604289855712965,,,,,,
143,REF0057,alkosto,"",https://www.alkosto.com/cubrecama-sencillo-blanco/p/7700149528474,2026-09-05T21:58:53.504539+00:00,179800.0,,,"",meta,ok,,e3484f659074811507c6b693bc3d2ca9a8437421e992009aadce3dd0139f6aae,"Cubrelecho/ Cubrecama Queen K-LINE 100% Microfibra Vecht",,,,meta=179800.0,v2-2026-09
64,REF0058,alkosto,"",https://www.alkosto.com/ipad-pro-13-m5-256gb-wifi-ng/p/195950399783,2026-08-20T19:36:43.385623+00:00,1.2629017,,,"",meta,ok,,1028097955155827920,,,,,,
144,REF0058,alkosto,"",https://www.alkosto.com/ipad-pro-13-m5-256gb-wifi-ng/p/195950399783,2026-09-05T21:59:05.343568+00:00,12629010.0,,,"",meta,ok,,43d1598d5565859fdaee04e01c11867695f3ace00ab35bc2cef47189eda8dd84,"Tablet Apple M5 13 pulgadas 2TB - Alkosto",,,,meta=1.262901E+7,v2-2026-09
65,REF0059,alkosto,"",https://www.alkosto.com/cas-xsports-m67-komplex-ngmr-s/p/7700149495844,2026-08-20T19:36:58.248777+00:00,229900.0,,,"",meta,ok,,5244739951615350943,,,,,,
145,REF0059,alkosto,"",https://www.alkosto.com/cas-xsports-m67-komplex-ngmr-s/p/7700149495844,2026-09-05T21:59:16.880508+00:00,229900.0,,,"",meta,ok,,6e92adcf6514db7463bbd7506ad9cb93ee170e6a7bcb1c38e2737ec57e58edd1,"Casco Moto X-SPORTS M67 Komplex Negro Azul Talla L",,,,meta=229900.0,v2-2026-09
66,REF0060,alkosto,"",https://www.alkosto.com/cel5g-realme-15t-8-256gb-pl/p/6941764475403,2026-08-20T19:37:09.421534+00:00,1149050.0,,,"",meta,ok,,7972793607669650911,,,,,,
146,REF0060,alkosto,"",https://www.alkosto.com/cel5g-realme-15t-8-256gb-pl/p/6941764475403,2026-09-05T21:59:32.655774+00:00,1149050.0,,,"",meta,ok,,b5598756de04249fc75e693f541be6299915db37df924022aed7d9f6fd4e65fe,"Celular realme 15T 5G 12+256GB - Alkosto",,,,meta=1149050.0,v2-2026-09
67,REF0061,alkosto,"",https://www.alkosto.com/casc-xsports-913-ng-mt-s/p/7700149579827,2026-08-20T19:37:24.627347+00:00,399900.0,,,"",meta,ok,,5935846326540210969,,,,,,
147,REF0061,alkosto,"",https://www.alkosto.com/casc-xsports-913-ng-mt-s/p/7700149579827,2026-09-05T21:59:48.711797+00:00,399900.0,,,"",meta,ok,,3708cf5ef1a3368401731ac058a87895f9ba0129c5cfd38fd76bfacd00e0e973,"Casco Moto X-SPORTS 913 Arena Brillante Talla XL",,,,meta=399900.0,v2-2026-09
68,REF0062,alkosto,"",https://www.alkosto.com/cas-spartan-fenix-turb-a7-s/p/7700149592253,2026-08-20T19:37:38.379832+00:00,399900.0,,,"",meta,ok,,1594677065661785147,,,,,,
148,REF0062,alkosto,"",https://www.alkosto.com/cas-spartan-fenix-turb-a7-s/p/7700149592253,2026-09-05T22:00:00.105616+00:00,399900.0,,,"",meta,ok,,4a658e51e83b30996f027b88e7021a2bdcff808bb04dd6699927df0bde7a7c03,"Casco Moto SPARTAN Fenix Turb Blanco Rosa Azul Brillante",,,,meta=399900.0,v2-2026-09
69,REF0063,alkosto,"",https://www.alkosto.com/miniteclado-targus-numerico-usb/p/092636205546,2026-08-20T19:37:52.889303+00:00,96900.0,,,"",meta,ok,,6928600089862306505,,,,,,
149,REF0063,alkosto,"",https://www.alkosto.com/miniteclado-targus-numerico-usb/p/092636205546,2026-09-05T22:00:10.046453+00:00,96900.0,,,"",meta,ok,,7ed65ec1f87b6652e7c9bff973f20e99f6ff25d66dabc1394ab40e0e032e789e,"Miniteclado TARGUS Numérico USB",,,,meta=96900.0,v2-2026-09
70,REF0064,alkosto,"",https://www.alkosto.com/llanta-kenex-cp661-195-55r15/p/8807622121760,2026-08-20T19:38:04.294622+00:00,202425.0,,,"",meta,ok,,-3288752837868247748,,,,,,
150,REF0064,alkosto,"",https://www.alkosto.com/llanta-kenex-cp661-195-55r15/p/8807622121760,2026-09-05T22:00:24.731022+00:00,202425.0,,,"",meta,ok,,c5723fad54ef952738ca3298282abd2ac150e3912f38c7ec6aef31c4409a70b6,"Llantas Kenex Cp661 195/55 R15 - Alkosto",,,,meta=202425.0,v2-2026-09
71,REF0065,alkosto,"",https://www.alkosto.com/llanta-michelin-pilot-super-sport-255-45-r19-100y/p/3528707112477,2026-08-20T19:38:18.532229+00:00,1424925.0,,,"",meta,ok,,-3360303180213159035,,,,,,
151,REF0065,alkosto,"",https://www.alkosto.com/llanta-michelin-pilot-super-sport-255-45-r19-100y/p/3528707112477,2026-09-05T22:00:35.988457+00:00,1424925.0,,,"",meta,ok,,bc5feb0ebdeaa7090312d232fc5aaf420e9e1614e45e5c13904b179cfdf26a03,"Llantas Michelin Pilot Super Sport 255/45 R19 - Alkosto",,,,meta=1424925.0,v2-2026-09
72,REF0066,alkosto,"",https://www.alkosto.com/casco-bicicleta-bell-universal-spark-mips-arena-negro/p/768686166112,2026-08-20T19:38:33.214343+00:00,299900.0,,,"",meta,ok,,-27335179556281763,,,,,,
152,REF0066,alkosto,"",https://www.alkosto.com/casco-bicicleta-bell-universal-spark-mips-arena-negro/p/768686166112,2026-09-05T22:00:45.863299+00:00,299900.0,,,"",meta,ok,,bb311fb25a371ede58def5c632ae42075d58b803218f89f92b617ee7e08d6a37,"Casco Bicicleta BELL Universal SPARK MIPS Arena Negro",,,,meta=299900.0,v2-2026-09
73,REF0067,alkosto,"",https://www.alkosto.com/mancuerna-rusa-everlast-12-kg/p/7707118744842,2026-08-20T19:38:48.046073+00:00,274900.0,,,"",meta,ok,,6903531745866404024,,,,,,
153,REF0067,alkosto,"",https://www.alkosto.com/mancuerna-rusa-everlast-12-kg/p/7707118744842,2026-09-05T22:00:57.621555+00:00,274900.0,,,"",meta,ok,,025a47db1ca4f0f6dea113adfd245f46921b676795a47af5ed7f785379ed9334,"Mancuerna Rusa EVERLAST 12 kg",,,,meta=274900.0,v2-2026-09
74,REF0068,alkosto,"",https://www.alkosto.com/llanta-continental-premium-contact-6-235-55-r18-100v-fr/p/051342216307,2026-08-20T19:39:02.297861+00:00,939900.0,,,"",meta,ok,,7100043641535473668,,,,,,
154,REF0068,alkosto,"",https://www.alkosto.com/llanta-continental-premium-contact-6-235-55-r18-100v-fr/p/051342216307,2026-09-05T22:01:12.114109+00:00,939900.0,,,"",meta,ok,,2384e36475974322ab6551c90abc5180e3f2b8aae2ca9ffdd1a3c13d561c2baa,"Llanta CONTINENTAL Premium Contact 6 235/55 R18 100V Fr",,,,meta=939900.0,v2-2026-09
75,REF0069,alkosto,"",https://www.alkosto.com/llanta-kenda-kr33a-205-65-r15-camioneta/p/4717294996686,2026-08-20T19:39:13.469611+00:00,432900.0,,,"",meta,ok,,-6088209215542428268,,,,,,
155,REF0069,alkosto,"",https://www.alkosto.com/llanta-kenda-kr33a-205-65-r15-camioneta/p/4717294996686,2026-09-05T22:01:26.693542+00:00,485900.0,,,"",meta,ok,,7b1182f310e9b50cd2a65cde49134463ccaebd6f7d60913f4c194cb286d7776e,"Llantas Kenda Kr33A 205/65 R15 - Alkosto",,,,meta=485900.0,v2-2026-09
76,REF0070,alkosto,"",https://www.alkosto.com/patineta-electrica-scooter-emove-t9/p/7707118758870,2026-08-20T19:39:24.411247+00:00,6999900.0,,,"",meta,ok,,-4728188792210716960,,,,,,
156,REF0070,alkosto,"",https://www.alkosto.com/patineta-electrica-scooter-emove-t9/p/7707118758870,2026-09-05T22:01:37.887980+00:00,6999900.0,,,"",meta,ok,,fe85d6d7c34a7226f7e000b7c016d4afe91fdb578ac36af093dd79060843b43b,"Patineta Eléctrica/Scooter EMOVE T9",,,,meta=6999900.0,v2-2026-09
77,REF0071,alkosto,"",https://www.alkosto.com/sarten-20-cm-imusa-antiadherente-con-tapa-vidrio-natural/p/7702073039460,2026-08-20T19:39:34.483682+00:00,59430.0,,,"",meta,ok,,2361532486423130743,,,,,,
157,REF0071,alkosto,"",https://www.alkosto.com/sarten-20-cm-imusa-antiadherente-con-tapa-vidrio-natural/p/7702073039460,2026-09-05T22:01:51.971702+00:00,50940.0,,,"",meta,ok,,a4e7ece3e0df98ccfe8cab15b0909f784c71f6c8f4fd2e13c9ba27a0e13c3386,"Sartén 20 cm IMUSA Antiadherente con Tapa de Vidrio",,,,meta=50940.0,v2-2026-09
78,REF0072,alkosto,"",https://www.alkosto.com/llanta-rydanz-r09-265-65-r17/p/6923378800420,2026-08-20T19:39:50.432282+00:00,478900.0,,,"",meta,ok,,-3430983528632646248,,,,,,
158,REF0072,alkosto,"",https://www.alkosto.com/llanta-rydanz-r09-265-65-r17/p/6923378800420,2026-09-05T22:02:02.838091+00:00,478900.0,,,"",meta,ok,,021b6909581e0b0428a5867786dcf9071420cd604b87ae8a5a9fd4de23bfb88d,"Llanta RYDANZ R09 265/65 R17",,,,meta=478900.0,v2-2026-09
79,REF0073,alkosto,"",https://www.alkosto.com/llanta-kenda-kr628-285-75-r16-camioneta/p/4711041539331,2026-08-20T19:40:00.591288+00:00,837900.0,,,"",meta,ok,,3109383604459983906,,,,,,
159,REF0073,alkosto,"",https://www.alkosto.com/llanta-kenda-kr628-285-75-r16-camioneta/p/4711041539331,2026-09-05T22:02:11.842410+00:00,996900.0,,,"",meta,ok,,8ddc3bfe778015da98a128bea319cf1b60b7c5038e69b94a1a29b175362131b1,"Llantas Kenda Kr628 285/75 R16 - Alkosto",,,,meta=996900.0,v2-2026-09
80,REF0074,alkosto,"",https://www.alkosto.com/modulo-gopro-lente-ultra-gran-angular/p/810116381401,2026-08-20T19:40:10.390829+00:00,469900.0,,,"",meta,ok,,4023009562767311803,,,,,,
160,REF0074,alkosto,"",https://www.alkosto.com/modulo-gopro-lente-ultra-gran-angular/p/810116381401,2026-09-05T22:02:25.709515+00:00,469900.0,,,"",meta,ok,,a27a66f595e9299525dabe5bd11e9f5ecf351d9a8b81bb0e7ee1cdc75dd0fd31,"Módulo GOPRO de lente ultra gran angular",,,,meta=469900.0,v2-2026-09
81,REF0075,alkosto,"",https://www.alkosto.com/llanta-michelin-agilis-3-205-70-r15/p/3528709090506,2026-08-20T19:40:23.630120+00:00,733410.0,,,"",meta,ok,,7281240348304607874,,,,,,
161,REF0075,alkosto,"",https://www.alkosto.com/llanta-michelin-agilis-3-205-70-r15/p/3528709090506,2026-09-05T22:02:34.949152+00:00,733410.0,,,"",meta,ok,,11abfb9ff860c399062525ecb18df9318c548390a2a4200570ef43d218bea580,"Llantas Michelin Agilis 3 205/70 R15 - Alkosto",,,,meta=733410.0,v2-2026-09
82,REF0076,alkosto,"",https://www.alkosto.com/toalla-manos-cannon-kriss-50-x-70-cm-600-grms-blanca/p/7702985598178,2026-08-20T19:40:36.522143+00:00,18900.0,,,"",meta,ok,,4808944268418620706,,,,,,
162,REF0076,alkosto,"",https://www.alkosto.com/toalla-manos-cannon-kriss-50-x-70-cm-600-grms-blanca/p/7702985598178,2026-09-05T22:02:48.414299+00:00,18900.0,,,"",meta,ok,,e0965eb74dbf4f29eafe56af80c588d166f9468a02b8fee5e90b6d30df20e6dc,"Toalla de Manos CANNON Kriss 50 x 70 cm / 600 grms Blanca",,,,meta=18900.0,v2-2026-09
83,REF0077,alkosto,"",https://www.alkosto.com/llanta-nexen-nfera-au7-275-35-r19/p/8807622563102,2026-08-20T19:40:51.556832+00:00,749925.0,,,"",meta,ok,,-5334579722574979155,,,,,,
163,REF0077,alkosto,"",https://www.alkosto.com/llanta-nexen-nfera-au7-275-35-r19/p/8807622563102,2026-09-05T22:02:58.697364+00:00,749925.0,,,"",meta,ok,,61d9ac1cedd16b9b90e236d892542a9204a6bfa2c91c905657e26e855af7b741,"Llantas Nexen N'Fera Au7 275/35 R19 - Alkosto",,,,meta=749925.0,v2-2026-09
84,REF0078,alkosto,"",https://www.alkosto.com/llanta-hankook-dynapro-at2-xtreme-rf12-265-65-r17-112t/p/8808563552095,2026-08-20T19:41:04.346003+00:00,762900.0,,,"",meta,ok,,-4204281278424212915,,,,,,
164,REF0078,alkosto,"",https://www.alkosto.com/llanta-hankook-dynapro-at2-xtreme-rf12-265-65-r17-112t/p/8808563552095,2026-09-05T22:03:08.822279+00:00,598430.0,,,"",meta,ok,,94280b9d686903da715068ed6db9c1a086c21b4de02961a75e48a44bea027383,"Llantas Hankook Dynapro At2 265/65 R17 - Alkosto",,,,meta=598430.0,v2-2026-09
85,REF0079,alkosto,"",https://www.alkosto.com/celular-infinix-note-60pro-256gb-5g-negro/p/4894947114465,2026-08-20T19:41:18.422076+00:00,1899900.0,,,"",meta,ok,,-1434694846129079719,,,,,,
165,REF0079,alkosto,"",https://www.alkosto.com/celular-infinix-note-60pro-256gb-5g-negro/p/4894947114465,2026-09-05T22:03:24.413600+00:00,1899900.0,,,"",meta,ok,,3d0370a5d4abf0ddf977a77a3b46e17c7df95c4ab91e153570b73cb744bef958,"Celular INFINIX Note 60Pro 256GB 5G Negro",,,,meta=1899900.0,v2-2026-09
86,REF0080,alkosto,"",https://www.alkosto.com/monitor-samsung-24-pulgadas-ls24f330-fhd-plano-negro/p/198957224393,2026-08-20T19:41:27.756343+00:00,399930.0,,,"",meta,ok,,-7171975396223040192,,,,,,
166,REF0080,alkosto,"",https://www.alkosto.com/monitor-samsung-24-pulgadas-ls24f330-fhd-plano-negro/p/198957224393,2026-09-05T22:03:39.556045+00:00,399930.0,,,"",meta,ok,,52a70342a0934225b17a993560ae27f875f286edb5256b1b113892e634c63762,"Monitor SAMSUNG 24"" Pulgadas LS24F330 FHD Plano Negro",,,,meta=399930.0,v2-2026-09
1,TEC001,exito,tecnologia,PEGA_AQUI_LA_URL_DEL_PRODUCTO,2026-08-20T19:09:16.636198+00:00,,,,,,error,MissingSchema,,,,,,,
2,TEC001,exito,tecnologia,PEGA_AQUI_LA_URL_DEL_PRODUCTO,2026-08-20T19:10:20.493904+00:00,,,,,,error,MissingSchema,,,,,,,
3,TEC001,exito,tecnologia,PEGA_AQUI_LA_URL_DEL_PRODUCTO,2026-08-20T19:12:24.633949+00:00,,,,,,error,MissingSchema,,,,,,,
4,TEC001,exito,tecnologia,https://www.exito.com/televisor-kalley-70-pulgadas-qled-uhd-4k-smart-tv-70gq405-3209341/p,2026-08-20T19:14:28.384157+00:00,,,,,,bloqueado_robots,"robots.txt no permite el acceso",,,,,,,
5,TEC002,ktronix,tecnologia,https://www.ktronix.com/celular-samsung-galaxy-a27-256gb-5g-rosado-claro/p/8806099361150,2026-08-20T19:14:42.957471+00:00,1149050.0,,,"",meta,ok,,-3473024227963585892,,,,,,
6,TEC003,alkosto,tecnologia,https://www.alkosto.com/tv-kalley-60-pulgadas-1524-cm-60gq400-4k-uhd-qled-smart-tv/p/7705946474559,2026-08-20T19:14:53.745445+00:00,1699900.0,,,"",meta,ok,,2467377806500720371,,,,,,
